Method;Embedding based;Performance Measure;Performance;CI/SE;CI;Prediction type;Testset;Publication

ConSeq;0;MCC;0.608;CI: 0.006;0.006;PR conservation;ConSurf10k;https://link.springer.com/article/10.1007/s00439-021-02411-y
mmseqs2;0;MCC;0.418;CI: 0.009;0.009;PR conservation;ConSurf10k;own
VESPA;1;MCC;0.596;CI: 0.006;0.006;PR conservation;ConSurf10k;https://link.springer.com/article/10.1007/s00439-021-02411-y
VESPA MSACons;2;MCC;0.32;CI: 0.01;0.01;PR conservation;ConSurf10k;https://link.springer.com/article/10.1007/s00439-021-02411-y
shuffle labels;-1;MCC;0;CI: 0.006;0.006;PR conservation;ConSurf10k;own

bindPredictML17;0;F1-all;34;CI: 2;2;PR ligand binding;TestSet225;Performance: https://www.biorxiv.org/content/10.1101/2021.09.03.458869v3.full
bindEmbed21DL;1;F1-all;47;CI: 2;2;PR ligand binding;TestSet225;https://www.biorxiv.org/content/10.1101/2021.09.03.458869v3.full
bindEmbed21DL MSACons;2;F1-all;50;CI: 2;2;PR ligand binding;TestSet225;own
shuffle labels;-1;F1-all;3.7;/;0;PR ligand binding;TestSet225;https://www.biorxiv.org/content/10.1101/2021.09.03.458869v3.full

ODiNPred;0;Spearman;0.67;CI: 0.01;0.01;PR disorder;CheZOD117;https://www.biorxiv.org/content/10.1101/2022.06.23.497276v3.full.pdf
SETH;1;Spearman;0.72;CI: 0.01;0.01;PR disorder;CheZOD117;https://www.biorxiv.org/content/10.1101/2022.06.23.497276v3.full.pdf
SETH MSACons;2;Spearman;0.43;CI: 0.05;0.05;PR disorder;CheZOD117;own
shuffle labels;-1;Spearman;0.00;CI: 0.01;0.01;PR disorder;CheZOD117;own

BOCTOPUS2;0;Qok;56.6;CI:18.9;18.9;PS membrane beta;57;https://bmcbioinformatics.biomedcentral.com/articles/10.1186/s12859-022-04873-x
TMbed;1;Qok;80.5;CI:11.4;11.4;PS membrane beta;57;https://bmcbioinformatics.biomedcentral.com/articles/10.1186/s12859-022-04873-x
TMbed MSACons;2;Qok;82.4;CI:10.1;10.1;PS membrane beta;57;own
shuffle labels;-1;Qok;0;/;0;PS membrane beta;57;own

TOPCONS2;0;Qok;41.0;CI:3.1;3.1;PS membrane helix;571;https://bmcbioinformatics.biomedcentral.com/articles/10.1186/s12859-022-04873-x
TMbed;1;Qok;62.4;CI:3.7;3.7;PS membrane helix;571;https://bmcbioinformatics.biomedcentral.com/articles/10.1186/s12859-022-04873-x
TMbed MSACons;2;Qok;70.1;CI:3.7;3.7;PS membrane helix;571;own
shuffle labels;-1;Qok;0;/;0;PS membrane helix;571;own

BOCTOPUS2;0;Recall;85.3;CI:9.2;9.2;PS recall membrane beta;57;https://bmcbioinformatics.biomedcentral.com/articles/10.1186/s12859-022-04873-x
TMbed;1;Recall;95.0;CI:4.3;4.3;PS recall membrane beta;57;https://bmcbioinformatics.biomedcentral.com/articles/10.1186/s12859-022-04873-x
TMbed MSACons;2;Recall;98.7;CI:0.9;0.9;PS recall membrane beta;57;own
shuffle labels;-1;Recall;0;/;0;PS recall membrane beta;57;own
BOCTOPUS2;0;Precision;96.6;CI:2.0;2.0;PS precision membrane beta;57;https://bmcbioinformatics.biomedcentral.com/articles/10.1186/s12859-022-04873-x
TMbed;1;Precision;99.2;CI:0.7;0.7;PS precision membrane beta;57;https://bmcbioinformatics.biomedcentral.com/articles/10.1186/s12859-022-04873-x
TMbed MSACons;2;Precision;98.2;CI:1.1;1.1;PS precision membrane beta;57;own
shuffle labels;-1;Precision;0;/;0;PS precision membrane beta;57;own

TOPCONS2;0;Recall;76.4;CI:1.5;1.5;PS recall membrane helix;571;https://bmcbioinformatics.biomedcentral.com/articles/10.1186/s12859-022-04873-x
TMbed;1;Recall;88.7;CI:0.6;0.6;PS recall membrane helix;571;https://bmcbioinformatics.biomedcentral.com/articles/10.1186/s12859-022-04873-x
TMbed MSACons;2;Recall;90.1;CI:1.8;1.8;PS recall membrane helix;571;own
shuffle labels;-1;Recall;0;/;0;PS recall membrane helix;571;own
TOPCONS2;0;Precision;78.4;CI:0.8;0.8;PS precision membrane helix;571;https://bmcbioinformatics.biomedcentral.com/articles/10.1186/s12859-022-04873-x
TMbed;1;Precision;88.7;CI:0.7;0.7;PS precision membrane helix;571;https://bmcbioinformatics.biomedcentral.com/articles/10.1186/s12859-022-04873-x
TMbed MSACons;2;Precision;87.6;CI:1.9;1.9;PS precision membrane helix;571;own
shuffle labels;-1;Precision;0;/;0;PS precision membrane helix;571;own